# Dual-OTA partition table for M5StickC Plus 2 (4MB flash, no factory app).
# Layout:
#   nvs       — non-volatile preferences (Wi-Fi creds, BLE bonds, NVS pairs)
#   otadata   — OTA bookkeeping (which app slot to boot)
#   phy_init  — radio calibration data
#   app0/app1 — the two OTA application slots (1.5MB each)
#   spiffs    — LittleFS for character GIFs and other assets (~896KB)
#
# 4MB total = 0x400000 bytes. Reserved up front: bootloader 0x10000.
#   nvs       0x9000  +  0x5000  = end at 0x0e000
#   otadata   0xe000  +  0x2000  = end at 0x10000
#   app0      0x10000 + 0x180000 = end at 0x190000
#   app1      0x190000+ 0x180000 = end at 0x310000
#   spiffs    0x310000+ 0xE0000  = end at 0x3F0000  (16KB headroom)
#
# Name,    Type, SubType, Offset,  Size,    Flags
nvs,       data, nvs,     0x9000,  0x5000,
otadata,   data, ota,     0xe000,  0x2000,
app0,      app,  ota_0,   0x10000, 0x180000,
app1,      app,  ota_1,   0x190000,0x180000,
spiffs,    data, spiffs,  0x310000,0xE0000,
