frame,seconds,delta_seconds
0,0.000000,0.000000
1,0.033340,0.033340
2,0.066670,0.033330
3,0.100010,0.033340
4,0.133350,0.033340
5,0.166680,0.033330
6,0.200020,0.033340
7,0.233360,0.033340
8,0.266700,0.033340
9,0.300030,0.033330
10,0.333370,0.033340
11,0.366710,0.033340
12,0.400040,0.033330
13,0.433380,0.033340
14,0.466720,0.033340
15,0.500060,0.033340
16,0.533390,0.033330
17,0.566730,0.033340
18,0.600070,0.033340
19,0.633400,0.033330
20,0.666740,0.033340
21,0.700080,0.033340
22,0.733420,0.033340
23,0.766750,0.033330
24,0.800090,0.033340
25,0.833430,0.033340
26,0.866760,0.033330
27,0.900100,0.033340
28,0.933440,0.033340
29,0.966780,0.033340
30,1.000110,0.033330
31,1.033450,0.033340
32,1.066790,0.033340
33,1.100120,0.033330
34,1.133460,0.033340
35,1.166800,0.033340
36,1.200140,0.033340
37,1.233470,0.033330
38,1.266810,0.033340
39,1.300150,0.033340
40,1.333480,0.033330
41,1.366820,0.033340
42,1.400160,0.033340
43,1.433500,0.033340
44,1.466830,0.033330
45,1.500170,0.033340
46,1.533510,0.033340
47,1.566840,0.033330
48,1.600180,0.033340
49,1.633520,0.033340
50,1.666860,0.033340
51,1.700190,0.033330
52,1.733530,0.033340
53,1.766870,0.033340
54,1.800210,0.033340
55,1.833540,0.033330
56,1.866880,0.033340
57,1.900220,0.033340
58,1.933550,0.033330
59,1.966890,0.033340
60,2.000230,0.033340
61,2.033570,0.033340
62,2.066900,0.033330
63,2.100240,0.033340
64,2.133580,0.033340
65,2.166910,0.033330
66,2.200250,0.033340
67,2.233590,0.033340
68,2.266930,0.033340
69,2.300260,0.033330
70,2.333600,0.033340
71,2.366940,0.033340
72,2.400270,0.033330
73,2.433610,0.033340
74,2.466950,0.033340
75,2.500290,0.033340
76,2.533620,0.033330
77,2.566960,0.033340
78,2.600300,0.033340
79,2.633630,0.033330
80,2.666970,0.033340
81,2.700310,0.033340
82,2.733650,0.033340
83,2.766980,0.033330
84,2.800320,0.033340
85,2.833660,0.033340
86,2.866990,0.033330
87,2.900330,0.033340
88,2.933670,0.033340
89,2.967010,0.033340
90,3.000340,0.033330
91,3.033680,0.033340
92,3.067020,0.033340
93,3.100350,0.033330
94,3.133690,0.033340
95,3.167030,0.033340
96,3.200370,0.033340
97,3.233700,0.033330
98,3.267040,0.033340
99,3.300380,0.033340
100,3.333710,0.033330
101,3.367050,0.033340
102,3.400390,0.033340
103,3.433730,0.033340
104,3.467060,0.033330
105,3.500400,0.033340
106,3.533740,0.033340
107,3.567070,0.033330
108,3.600410,0.033340
109,3.633750,0.033340
110,3.667090,0.033340
111,3.700420,0.033330
112,3.733760,0.033340
113,3.767100,0.033340
114,3.800440,0.033340
115,3.833770,0.033330
116,3.867110,0.033340
117,3.900450,0.033340
118,3.933780,0.033330
119,3.967120,0.033340
120,4.000460,0.033340
121,4.033800,0.033340
122,4.067130,0.033330
123,4.100470,0.033340
124,4.133810,0.033340
125,4.167140,0.033330
126,4.200480,0.033340
127,4.233820,0.033340
128,4.267160,0.033340
129,4.300490,0.033330
130,4.333830,0.033340
131,4.367170,0.033340
132,4.400500,0.033330
133,4.433840,0.033340
134,4.467180,0.033340
135,4.500520,0.033340
136,4.533850,0.033330
137,4.567190,0.033340
138,4.600530,0.033340
139,4.633860,0.033330
140,4.667200,0.033340
141,4.700540,0.033340
142,4.733880,0.033340
143,4.767210,0.033330
144,4.800550,0.033340
145,4.833890,0.033340
146,4.867220,0.033330
147,4.900560,0.033340
148,4.933900,0.033340
149,4.967240,0.033340
150,5.000570,0.033330
151,5.033910,0.033340
152,5.100580,0.066670
